"Method","Variable","Pop_Predicted","Total_Predictions","Types_Pred_Per_Pop","Correct","Incorrect","Accuracy","Random Accuracy","Adjusted Accuracy"
"random","pred_type",16691978.67804,22055817.925748,1.32134232562642,5496097.399188,11195881.278852,0.329265781199366,0.214087007987911,0.115178773211455
"logit","pred_type",18573581.370416,22871768.169964,1.23141400216946,8232505.447236,10341075.92318,0.443237374798849,0.201095063133678,0.242142311665171
"random_forest","pred_type",13484839.63558,15240238.461228,1.13017572867655,6314520.799216,7170318.836364,0.468268141843899,0.186212007439679,0.28205613440422
"ridge_class","pred_type",15213764.402972,20220420.668908,1.32908727474168,7508969.715672,7704794.6873,0.493564217032645,0.21519598990893,0.278368227123715
"xg_boost","pred_type",21507870.998364,39011322.457164,1.81381608900906,7941867.698772,13566003.299592,0.369254014001483,0.281577737223478,0.0876762767780053
"KNN1","pred_type",19626648.964804,20197868.171092,1.0291042657008,6720741.766352,12905907.198452,0.34242940699679,0.171076901087579,0.171352505909211
